Symbol,Name,Last Sale,Net Change,% Change,Market Cap,Country,IPO Year,Volume,Sector,Industry
A,Agilent Technologies Inc. Common Stock,$134.87,-1.06,-0.78%,40476291156.00,United States,1999,2070939,Capital Goods,Electrical Products
AA,Alcoa Corporation Common Stock ,$84.15,-1.95,-2.265%,15519005355.00,,2016,4585478,Basic Industries,Metal Fabrications
AAP,Advance Auto Parts Inc.,$225.74,8.16,3.75%,13790714621.00,United States,,1088064,Consumer Services,Other Specialty Stores
ABB,ABB Ltd Common Stock,$31.89,0.10,0.315%,61520538139.00,Switzerland,,2863508,Consumer Durables,Electrical Products
ABBV,AbbVie Inc. Common Stock,$174.96,1.68,0.97%,309029210303.00,United States,2012,7203530,Health Care,Other Pharmaceuticals
ABC,AmerisourceBergen Corporation Common Stock,$165.44,2.52,1.547%,34599696254.00,United States,,2019612,Health Care,Other Pharmaceuticals
ABEV,Ambev S.A. American Depositary Shares (Each representing 1 Common Share),$3.12,-0.02,-0.637%,49105317387.00,,2013,23877786,Consumer Non-Durables,Beverages (Production/Distribution)
ABT,Abbott Laboratories Common Stock,$123.25,-0.12,-0.097%,217349189408.00,United States,,5093884,Health Care,Medical/Dental Instruments
ACI,Albertsons Companies Inc. Class A Common Stock,$35.28,0.51,1.467%,17613188364.00,United States,2020,5635677,Consumer Services,Food Chains
ACM,AECOM Common Stock,$75.52,-0.49,-0.645%,10674206519.00,United States,2007,638180,Consumer Services,Military/Government/Technical
ACN,Accenture plc Class A Ordinary Shares (Ireland),$338.92,-2.85,-0.834%,214672177445.00,Ireland,2001,2169977,Miscellaneous,Business Services
ADM,Archer-Daniels-Midland Company Common Stock,$95.25,1.27,1.351%,53575979780.00,United States,,4717608,,
AEE,Ameren Corporation Common Stock,$97.07,0.27,0.279%,25052944332.00,United States,,1352322,Public Utilities,Power Generation
AEG,AEGON N.V. Common Stock,$5.48,0.03,0.55%,10951223440.00,Netherlands,,2500023,Finance,Life Insurance
AEM,Agnico Eagle Mines Limited Common Stock,$65.13,2.15,3.414%,29672360273.00,Canada,,3004654,,
AER,AerCap Holdings N.V. Ordinary Shares,$49.28,0.42,0.86%,12093087677.00,Netherlands,2006,1573318,Technology,Diversified Commercial Services
AES,The AES Corporation Common Stock,$24.83,-0.40,-1.585%,16571421376.00,United States,,6106354,Public Utilities,Electric Utilities: Central
AFG,American Financial Group Inc. Common Stock,$146.08,-0.14,-0.096%,12430038500.00,United States,,294025,Finance,Property-Casualty Insurers
AFL,AFLAC Incorporated Common Stock,$65.52,0.35,0.537%,42546591884.00,United States,,2412799,Finance,Accident &Health Insurance
AGCO,AGCO Corporation Common Stock,$135.97,0.52,0.384%,10135409523.00,United States,,880274,Capital Goods,Industrial Machinery/Components
AGR,Avangrid Inc. Common Stock,$48.20,0.82,1.731%,18633035211.00,United States,2015,688416,Public Utilities,Electric Utilities: Central
AIG,American International Group Inc. New Common Stock,$63.14,1.48,2.40%,54396734845.00,United States,,3140912,Finance,Life Insurance
AIZ,Assurant Inc. Common Stock,$186.20,0.46,0.248%,10745304825.00,United States,2004,329119,Finance,Specialty Insurers
AJG,Arthur J. Gallagher & Co. Common Stock,$183.19,1.74,0.959%,38399216688.00,United States,,1224386,Finance,Specialty Insurers
ALB,Albemarle Corporation Common Stock,$211.00,-0.85,-0.401%,24710715134.00,United States,,736866,Basic Industries,Industrial Specialties
ALC,Alcon Inc. Ordinary Shares,$80.67,-0.58,-0.714%,39535316757.00,Switzerland,2019,1119363,Health Care,Ophthalmic Goods
ALL,Allstate Corporation (The) Common Stock,$141.93,1.52,1.083%,39505656296.00,United States,,1682295,Finance,Property-Casualty Insurers
ALLY,Ally Financial Inc. Common Stock,$42.89,0.68,1.611%,14216027190.00,United States,2014,4420617,Finance,Diversified Financial Services
AMCR,Amcor plc Ordinary Shares,$11.72,0.19,1.648%,17740882995.00,,2019,5900843,Basic Industries,Containers/Packaging
AME,AMETEK Inc.,$131.82,-0.48,-0.363%,30472945402.00,United States,,850282,Consumer Durables,Metal Fabrications
AMH,American Homes 4 Rent Common Shares of Beneficial Interest,$40.78,-0.26,-0.634%,14202013031.00,,2013,2792612,Consumer Services,Real Estate Investment Trusts
AMOV,America Movil S.A.B. de C.V. Class A American Depositary Shares,$21.69,-0.1424,-0.652%,69643282275.00,Mexico,,3177,Public Utilities,Telecommunications Equipment
AMP,Ameriprise Financial Inc. Common Stock,$293.04,3.74,1.293%,32403541809.00,United States,,461277,Finance,Investment Managers
AMT,American Tower Corporation (REIT) Common Stock,$266.41,0.68,0.256%,121452271166.00,United States,,1559100,Finance,Trusts Except Educational Religious and Charitable
AMX,America Movil S.A.B. de C.V. American Depository Receipt Series L,$21.91,0.11,0.505%,70349668725.00,Mexico,,1567838,Public Utilities,Telecommunications Equipment
ANET,Arista Networks Inc. Common Stock,$131.03,-1.79,-1.348%,40326654715.00,,2014,1164307,Technology,Computer peripheral equipment
ANTM,Anthem Inc. Common Stock,$520.67,6.01,1.168%,125604208580.00,United States,,1368545,Health Care,Medical Specialities
AON,Aon plc Class A Ordinary Shares (Ireland),$333.51,0.02,0.006%,71352616855.00,United States,,692876,Finance,Specialty Insurers
APD,Air Products and Chemicals Inc. Common Stock,$251.20,-0.17,-0.068%,55695407614.00,United States,,905794,Basic Industries,Specialty Chemicals
APH,Amphenol Corporation Common Stock,$73.28,-0.69,-0.933%,43890306565.00,United States,,1652221,Capital Goods,Electrical Products
APO,Apollo Global Management Inc. (New) Common Stock,$57.56,-0.11,-0.191%,32862218286.00,,,2784421,Finance,Investment Managers
APTV,Aptiv PLC Ordinary Shares,$108.37,-1.85,-1.678%,29359096913.00,United Kingdom,2011,1581218,Capital Goods,Auto Parts:O.E.M.
AQN,Algonquin Power & Utilities Corp. Common Shares,$15.86,-0.08,-0.502%,10684646447.00,,2016,1268587,Public Utilities,Electric Utilities: Central
AR,Antero Resources Corporation Common Stock,$33.14,1.62,5.14%,10429379309.00,,2013,6960309,Energy,Oil & Gas Production
ARE,Alexandria Real Estate Equities Inc. Common Stock,$202.89,-0.67,-0.329%,32450902427.00,United States,,662881,Consumer Services,Real Estate Investment Trusts
ARES,Ares Management Corporation Class A Common Stock,$80.37,0.37,0.463%,14036535710.00,,2014,666528,Finance,Investment Managers
ASX,ASE Technology Holding Co. Ltd. American Depositary Shares (each representing Two Common Shares) ,$6.83,-0.10,-1.443%,14619390723.00,,2018,6756787,Technology,Semiconductors
ATO,Atmos Energy Corporation Common Stock,$121.71,0.85,0.703%,16483462434.00,United States,,947844,Public Utilities,Oil/Gas Transmission
AVB,AvalonBay Communities Inc. Common Stock,$249.61,0.27,0.108%,34883618030.00,United States,,726543,Consumer Services,Real Estate Investment Trusts
AVTR,Avantor Inc. Common Stock,$32.06,-0.29,-0.896%,19565958699.00,,2019,3628957,Basic Industries,Industrial Specialties
AVY,Avery Dennison Corporation Common Stock,$175.80,2.06,1.186%,14478067541.00,United States,,625804,Miscellaneous,Office Equipment/Supplies/Services
AWK,American Water Works Company Inc. Common Stock,$169.87,-1.27,-0.742%,30874307537.00,United States,2008,773096,Public Utilities,Water Supply
AXP,American Express Company Common Stock,$183.70,1.31,0.718%,139113972032.00,United States,,3075541,Finance,Finance: Consumer Services
AZO,AutoZone Inc. Common Stock,$2190.56,34.97,1.622%,43480136286.00,United States,,205053,,
BA,Boeing Company (The) Common Stock,$175.20,-2.77,-1.556%,103435424494.00,United States,,6512173,Capital Goods,Aerospace
BABA,Alibaba Group Holding Limited American Depositary Shares each representing eight Ordinary share,$103.53,-0.74,-0.71%,278236875000.00,China,2014,20791199,Miscellaneous,Business Services
BAC,Bank of America Corporation Common Stock,$39.67,0.28,0.711%,342243108738.00,United States,,40972258,Finance,Major Banks
BAH,Booz Allen Hamilton Holding Corporation Common Stock,$88.85,-0.51,-0.571%,11839945579.00,United States,2010,586725,Consumer Services,Professional Services
BAM,Brookfield Asset Management Inc. Common Stock,$56.14,-0.18,-0.32%,87986678824.00,Canada,,891481,Miscellaneous,Other Consumer Services
BAP,Credicorp Ltd. Common Stock,$146.29,-12.74,-8.011%,11668305593.00,Peru,,2212129,Finance,Commercial Banks
BAX,Baxter International Inc. Common Stock,$80.00,1.99,2.551%,40255760000.00,United States,,4260863,Health Care,Medical/Dental Instruments
BBD,Banco Bradesco Sa American Depositary Shares,$4.49,0.05,1.126%,47723954196.00,Brazil,,40036506,Finance,Commercial Banks
BBDO,Banco Bradesco Sa American Depositary Shares (each representing one Common Share),$3.705,0.045,1.23%,39380233919.00,Brazil,,2439,Finance,Commercial Banks
BBVA,Banco Bilbao Vizcaya Argentaria S.A. Common Stock,$5.29,-0.04,-0.75%,34249365220.00,Spain,,2284185,Finance,Commercial Banks
BBWI,Bath & Body Works Inc.,$46.13,0.71,1.563%,11001540240.00,United States,,3155172,Miscellaneous,Diversified Commercial Services
BBY,Best Buy Co. Inc. Common Stock,$93.36,1.29,1.401%,21027263300.00,United States,,3960662,Consumer Services,Consumer Electronics/Video Chains
BCE,BCE Inc. Common Stock,$58.25,0.29,0.50%,53013098641.00,Canada,,1205297,Public Utilities,Telecommunications Equipment
BCH,Banco De Chile Banco De Chile ADS,$20.79,-1.07,-4.895%,10500725570.00,Chile,,198071,Finance,Commercial Banks
BCS,Barclays PLC Common Stock,$7.67,0.06,0.788%,32141147978.00,United Kingdom,,8842746,Finance,Commercial Banks
BDX,Becton Dickinson and Company Common Stock,$275.42,1.90,0.695%,78404108027.00,United States,,1397616,Health Care,Medical/Dental Instruments
BEKE,KE Holdings Inc American Depositary Shares (each representing three Class A Ordinary Shares),$15.22,0.70,4.821%,22795414711.00,China,2020,10344402,Finance,Real Estate
BEN,Franklin Resources Inc. Common Stock,$26.28,-0.08,-0.303%,13195828864.00,United States,,3143917,Finance,Investment Managers
BEP,Brookfield Renewable Partners L.P. ,$40.06,0.12,0.30%,11019948245.00,,,453518,Public Utilities,Electric Utilities: Central
BG,Bunge Limited Bunge Limited,$118.25,1.51,1.293%,16878044574.00,United States,2001,1344847,Basic Industries,Agricultural Chemicals
BHP,BHP Group Limited American Depositary Shares (Each representing two Ordinary Shares),$77.67,0.32,0.414%,196595321084.00,Australia,,2129773,Basic Industries,Precious Metals
BILL,Bill.com Holdings Inc. Common Stock,$200.32,-5.34,-2.597%,20749935261.00,,2019,1045256,Technology,Computer Software: Prepackaged Software
BIO,Bio-Rad Laboratories Inc. Class A Common Stock,$597.16,0.56,0.094%,17874454079.00,United States,,432608,Capital Goods,Biotechnology: Laboratory Analytical Instruments
BIP,Brookfield Infrastructure Partners LP Limited Partnership Units,$67.11,0.28,0.419%,20486472329.00,Bermuda,,105633,Public Utilities,Power Generation
BK,The Bank of New York Mellon Corporation Common Stock,$48.34,0.58,1.214%,39015515352.00,United States,,3155576,Finance,Investment Managers
BKI,Black Knight Inc. Common Stock ,$68.02,-0.18,-0.264%,10562335376.00,,2017,1603742,Technology,Computer Software: Prepackaged Software
BLDR,Builders FirstSource Inc. Common Stock,$59.86,-0.01,-0.017%,10581604304.00,United States,2005,2186355,Consumer Services,RETAIL: Building Materials
BLK,BlackRock Inc. Common Stock,$736.10,-12.79,-1.708%,111918411376.00,United States,1999,820938,Finance,Investment Bankers/Brokers/Service
BLL,Ball Corporation Common Stock,$87.42,-0.31,-0.353%,28080371923.00,United States,,1598158,Consumer Durables,Containers/Packaging
BMO,Bank Of Montreal Common Stock,$115.32,0.94,0.822%,77434678975.00,Canada,,507013,,
BMY,Bristol-Myers Squibb Company Common Stock,$77.77,0.51,0.66%,165277000447.00,United States,,22331682,Health Care,Biotechnology: Pharmaceutical Preparations
BNS,Bank Nova Scotia Halifax Pfd 3 Ordinary Shares,$69.65,0.13,0.187%,83891167504.00,Canada,,989467,,
BP,BP p.l.c. Common Stock,$30.47,0.61,2.043%,99582141327.00,United Kingdom,,15491615,Energy,Integrated oil Companies
BR,Broadridge Financial Solutions Inc. Common Stock,$160.84,1.98,1.246%,18781700641.00,United States,,481724,Miscellaneous,Business Services
BRO,Brown & Brown Inc. Common Stock,$72.96,-0.44,-0.599%,20656583236.00,United States,,930509,Finance,Specialty Insurers
BSAC,Banco Santander - Chile ADS,$21.27,-0.52,-2.386%,10020622771.00,Chile,,636591,Finance,Commercial Banks
BSBR,Banco Santander Brasil SA American Depositary Shares each representing one unit,$7.60,-0.04,-0.524%,56988835988.00,Brazil,2009,927547,Finance,Commercial Banks
BSX,Boston Scientific Corporation Common Stock,$44.84,-0.12,-0.267%,64096412852.00,United States,,9615588,Health Care,Medical/Dental Instruments
BTI,British American Tobacco  Industries p.l.c. Common Stock ADR,$42.87,0.17,0.398%,97838706881.00,United Kingdom,,2821150,Consumer Non-Durables,Farming/Seeds/Milling
BUD,Anheuser-Busch Inbev SA Sponsored ADR (Belgium),$58.78,0.31,0.53%,102111724778.00,Belgium,,965815,Consumer Non-Durables,Beverages (Production/Distribution)
BURL,Burlington Stores Inc. Common Stock,$194.24,-0.56,-0.287%,12839131528.00,,2013,704082,Consumer Non-Durables,Apparel
BX,Blackstone Inc. Common Stock,$114.97,-0.67,-0.579%,80523528111.00,United States,2007,2694018,Finance,Investment Managers
BXP,Boston Properties Inc. Common Stock,$122.70,0.33,0.27%,19224179188.00,United States,1997,560202,Consumer Services,Real Estate Investment Trusts
C,Citigroup Inc. Common Stock,$50.88,0.85,1.699%,100359483684.00,United States,,26848444,Finance,Major Banks
CAG,ConAgra Brands Inc. Common Stock,$34.50,0.07,0.203%,16549571720.00,United States,,7036715,Consumer Non-Durables,Packaged Foods
CAH,Cardinal Health Inc. Common Stock,$61.90,2.52,4.244%,17150100165.00,United States,,4910799,Health Care,Other Pharmaceuticals
CAJ,Canon Inc. American Depositary Shares,$24.23,0.21,0.874%,25339049721.00,Japan,,311489,Miscellaneous,Industrial Machinery/Components
CARR,Carrier Global Corporation Common Stock ,$43.38,-0.31,-0.71%,37003426004.00,,2020,3311727,Capital Goods,Wholesale Distributors
CAT,Caterpillar Inc. Common Stock,$217.03,1.13,0.523%,116303783709.00,United States,,2450194,Capital Goods,Construction/Ag Equipment/Trucks
CB,Chubb Limited  Common Stock,$216.15,3.57,1.679%,91568903027.00,Switzerland,,1449982,Finance,Property-Casualty Insurers
CBRE,CBRE Group Inc Common Stock Class A,$86.44,-0.33,-0.38%,28725963729.00,United States,,1573421,Finance,Real Estate
CCI,Crown Castle International Corp. (REIT) Common Stock,$198.02,1.50,0.763%,85748532877.00,United States,,1258237,Consumer Services,Real Estate Investment Trusts
CCJ,Cameco Corporation Common Stock,$30.31,-0.28,-0.915%,12072147471.00,Canada,1996,7172886,,
CCK,Crown Holdings Inc.,$121.56,0.58,0.479%,15024289402.00,United States,,1161616,Consumer Durables,Containers/Packaging
CCL,Carnival Corporation Common Stock,$18.34,-0.40,-2.134%,21557300589.00,United States,1987,28680566,Consumer Services,Marine Transportation
CE,Celanese Corporation Celanese Corporation Common Stock,$144.47,3.34,2.367%,15606988203.00,United States,2005,940265,Basic Industries,Major Chemicals
CF,CF Industries Holdings Inc. Common Stock,$108.21,3.00,2.851%,22628194126.00,United States,2005,3843196,Basic Industries,Agricultural Chemicals
CFG,Citizens Financial Group Inc. Common Stock,$41.83,0.18,0.432%,17658231860.00,United States,2014,7916029,Finance,Major Banks
CHD,Church & Dwight Company Inc. Common Stock,$103.45,0.03,0.029%,25106852992.00,United States,,889595,Consumer Non-Durables,Package Goods/Cosmetics
CHT,Chunghwa Telecom Co. Ltd.,$44.29,-0.02,-0.045%,34357732763.00,Taiwan,,79743,Public Utilities,Telecommunications Equipment
CHWY,Chewy Inc. Class A Common Stock,$43.19,-0.40,-0.918%,18160624879.00,,2019,3218115,Consumer Services,Catalog/Specialty Distribution
CI,Cigna Corporation Common Stock,$257.90,2.77,1.086%,82109366404.00,United States,,1493016,Health Care,Medical Specialities
CIB,BanColombia S.A. Common Stock,$42.88,0.07,0.164%,10310785440.00,Colombia,,157024,Finance,Commercial Banks
CL,Colgate-Palmolive Company Common Stock,$80.25,-0.17,-0.211%,67457625727.00,United States,,6427987,Consumer Non-Durables,Package Goods/Cosmetics
CLF,Cleveland-Cliffs Inc. Common Stock,$30.77,-0.62,-1.975%,16136086992.00,United States,,13181212,,
CLR,Continental Resources Inc. Common Stock,$63.08,2.15,3.529%,23060841595.00,United States,2007,1076992,Energy,Oil & Gas Production
CLVT,Clarivate Plc Ordinary Shares,$16.21,-0.55,-3.282%,11073881973.00,,2019,2960239,Consumer Services,Movies/Entertainment
CLX,Clorox Company (The) Common Stock,$146.50,0.34,0.233%,18027976051.00,United States,,1538200,Consumer Durables,Specialty Chemicals
CM,Canadian Imperial Bank of Commerce Common Stock,$116.71,0.54,0.465%,52632753400.00,Canada,,916517,,
CMA,Comerica Incorporated Common Stock,$88.57,0.36,0.408%,11610525716.00,United States,,1337029,Finance,Major Banks
CMG,Chipotle Mexican Grill Inc. Common Stock,$1543.99,-0.20,-0.013%,43261738254.00,United States,2006,143290,Consumer Services,Restaurants
CMI,Cummins Inc. Common Stock,$194.69,-1.42,-0.724%,27660496865.00,United States,,1259255,Capital Goods,Construction/Ag Equipment/Trucks
CMS,CMS Energy Corporation Common Stock,$72.51,0.15,0.207%,21037821543.00,United States,,1834056,Public Utilities,Power Generation
CNA,CNA Financial Corporation Common Stock,$48.43,0.69,1.445%,13134995481.00,United States,,134754,Finance,Property-Casualty Insurers
CNC,Centene Corporation Common Stock,$88.48,-0.08,-0.09%,51572783097.00,United States,,2397234,Health Care,Medical Specialities
CNHI,CNH Industrial N.V. Common Shares,$14.86,0.31,2.131%,20151304220.00,,2013,2743636,Capital Goods,Construction/Ag Equipment/Trucks
CNI,Canadian National Railway Company Common Stock,$124.37,-2.67,-2.102%,348136504000.00,Canada,,937728,,
CNP,CenterPoint Energy Inc (Holding Co) Common Stock,$32.49,0.48,1.50%,20450258871.00,United States,,6152549,Public Utilities,Electric Utilities: Central
CNQ,Canadian Natural Resources Limited Common Stock,$64.27,1.21,1.919%,74716539827.00,Canada,,2390666,,
COF,Capital One Financial Corporation Common Stock,$131.76,2.45,1.895%,53451100150.00,United States,1994,2597178,Finance,Finance Companies
COO,The Cooper Companies Inc. Common Stock,$411.45,-4.53,-1.089%,20285122748.00,United States,,370750,Health Care,Ophthalmic Goods
COP,ConocoPhillips Common Stock,$103.05,3.09,3.091%,133558082034.00,United States,,6173322,Energy,Integrated oil Companies
CP,Canadian Pacific Railway Limited Common Stock,$75.07,-1.25,-1.638%,69794286542.00,Canada,,2505908,,
CPB,Campbell Soup Company Common Stock,$45.47,0.31,0.686%,13718458691.00,United States,,1665855,Consumer Non-Durables,Packaged Foods
CPNG,Coupang Inc. Class A Common Stock,$17.79,0.04,0.225%,31233183590.00,,2021,6218154,Capital Goods,Recreational Products/Toys
CPT,Camden Property Trust Common Stock,$168.21,-4.40,-2.549%,17403460599.00,United States,1993,2070547,Consumer Services,Real Estate Investment Trusts
CRH,CRH PLC American Depositary Shares,$38.93,0.53,1.38%,29851647681.00,Ireland,,789907,Capital Goods,Building Materials
CRL,Charles River Laboratories International Inc. Common Stock,$302.40,0.38,0.126%,15361623346.00,United States,2000,567407,Consumer Services,EDP Services
CRM,Salesforce Inc. Common Stock,$197.17,-2.99,-1.494%,195198300000.00,United States,2004,3895449,Technology,Computer Software: Prepackaged Software
CS,Credit Suisse Group American Depositary Shares,$7.73,0.01,0.13%,19863661255.00,Switzerland,,8015305,Finance,Investment Bankers/Brokers/Service
CSL,Carlisle Companies Incorporated Common Stock,$236.07,1.07,0.455%,12291665848.00,United States,,246120,,
CTLT,Catalent Inc. Common Stock,$110.71,-2.04,-1.809%,19831273501.00,United States,2014,957322,Health Care,Biotechnology: Pharmaceutical Preparations
CTRA,Coterra Energy Inc. Common Stock,$28.75,1.96,7.316%,23315640328.00,United States,,10194016,Energy,Oil & Gas Production
CTVA,Corteva Inc. Common Stock ,$59.64,1.15,1.966%,43344777802.00,,2019,2478879,Basic Industries,Major Chemicals
CUBE,CubeSmart Common Shares,$53.45,-0.25,-0.466%,12033379535.00,United States,,954344,Consumer Services,Real Estate Investment Trusts
CUK,Carnival Plc ADS ADS,$16.81,-0.35,-2.04%,19146590000.00,United States,,2096839,,
CVE,Cenovus Energy Inc Common Stock,$17.56,0.77,4.586%,35037187040.00,Canada,,12576014,,
CVS,CVS Health Corporation Common Stock,$106.61,3.00,2.895%,139999578651.00,United States,,7755493,Health Care,Managed Health Care
CVX,Chevron Corporation Common Stock,$169.93,2.83,1.694%,330947740086.00,United States,,10785960,Energy,Integrated oil Companies
D,Dominion Energy Inc. Common Stock,$88.38,0.72,0.821%,71647359370.00,United States,,2368547,Public Utilities,Electric Utilities: Central
DAL,Delta Air Lines Inc. Common Stock,$36.74,-0.39,-1.05%,23511019382.00,United States,,8611076,Transportation,Air Freight/Delivery Services
DAR,Darling Ingredients Inc. Common Stock,$74.51,-0.45,-0.60%,12038964352.00,United States,,1113069,Consumer Non-Durables,Farming/Seeds/Milling
DASH,DoorDash Inc. Class A Common Stock,$106.42,-4.49,-4.048%,37077944061.00,,2020,3237881,Capital Goods,Industrial Machinery/Components
DB,Deutsche Bank AG Common Stock,$12.81,0.18,1.425%,26475363808.00,Germany,,3372560,Finance,Commercial Banks
DD,DuPont de Nemours Inc. Common Stock,$68.84,-0.87,-1.248%,35308551199.00,,2017,3111778,Capital Goods,Wholesale Distributors
DE,Deere & Company Common Stock,$418.30,8.84,2.159%,128327883984.00,United States,,1341912,Capital Goods,Industrial Machinery/Components
DELL,Dell Technologies Inc. Class C Common Stock ,$47.39,-0.30,-0.629%,36035277759.00,,2018,3707709,Technology,Computer Manufacturing
DEO,Diageo plc Common Stock,$210.02,-0.48,-0.228%,121284995852.00,United Kingdom,,295306,Consumer Non-Durables,Beverages (Production/Distribution)
DFS,Discover Financial Services Common Stock,$111.57,2.41,2.208%,31465874894.00,United States,,1000661,Finance,Finance: Consumer Services
DG,Dollar General Corporation Common Stock,$245.80,4.11,1.701%,56235320309.00,United States,2009,2733525,Consumer Services,Department/Specialty Retail Stores
DGX,Quest Diagnostics Incorporated Common Stock,$140.00,2.07,1.501%,16723669340.00,United States,,1205308,Health Care,Medical Specialities
DHI,D.R. Horton Inc. Common Stock,$70.83,0.44,0.625%,25099188827.00,United States,,4442365,,
DHR,Danaher Corporation Common Stock,$299.29,-0.37,-0.123%,214260183125.00,United States,,2426753,Health Care,Medical Specialities
DIDI,DiDi Global Inc. American Depositary Shares (each four representing one Class A Ordinary Share),$2.52,-0.06,-2.326%,11913768125.00,,2021,19398156,,
DIS,Walt Disney Company (The) Common Stock,$131.87,0.00,0.00%,240086927513.00,United States,,6699872,Consumer Services,Movies/Entertainment
DLR,Digital Realty Trust Inc. Common Stock,$149.98,1.81,1.222%,42664676068.00,United States,2004,1168377,Consumer Services,Real Estate Investment Trusts
DOV,Dover Corporation Common Stock,$150.88,-3.55,-2.299%,21742735459.00,United States,,1223207,Capital Goods,Industrial Machinery/Components
DOW,Dow Inc. Common Stock ,$61.68,0.43,0.702%,45340095413.00,,2019,3913858,Basic Industries,Industrial Specialties
DPZ,Domino's Pizza Inc Common Stock,$394.79,-2.61,-0.657%,14225591244.00,United States,2004,691652,Consumer Non-Durables,Food Distributors
DRE,Duke Realty Corporation Common Stock,$59.52,-0.84,-1.392%,22782334218.00,United States,,1836300,Consumer Services,Real Estate Investment Trusts
DRI,Darden Restaurants Inc. Common Stock,$126.43,0.43,0.341%,15770162606.00,United States,,1379067,Consumer Services,Restaurants
DT,Dynatrace Inc. Common Stock,$43.90,-0.63,-1.415%,12544188467.00,United States,2019,1760028,Technology,EDP Services
DTE,DTE Energy Company Common Stock,$137.35,1.02,0.748%,26610445845.00,United States,,1007286,Public Utilities,Electric Utilities: Central
DUK,Duke Energy Corporation (Holding Company) Common Stock,$115.35,0.49,0.427%,88807903518.00,United States,,1677551,Public Utilities,Power Generation
DVA,DaVita Inc. Common Stock,$122.07,3.82,3.23%,11700640579.00,United States,,1188393,Health Care,Medical/Nursing Services
DVN,Devon Energy Corporation Common Stock,$62.37,2.14,3.553%,41426154000.00,United States,,10107566,Energy,Oil & Gas Production
E,ENI S.p.A. Common Stock,$30.00,0.79,2.705%,53096350110.00,Italy,,499857,Energy,Oil & Gas Production
EBR,Centrais Electricas Brasileiras S A American Depositary Shares (Each representing one Common Share),$9.01,0.48,5.627%,14136067499.00,,2016,4754375,Public Utilities,Electric Utilities: Central
EC,Ecopetrol S.A. American Depositary Shares,$19.13,-0.05,-0.261%,39328118461.00,Colombia,,1027873,Energy,Oil & Gas Production
ECL,Ecolab Inc. Common Stock,$182.95,-0.67,-0.365%,52377860152.00,United States,,1288250,Consumer Non-Durables,Package Goods/Cosmetics
ED,Consolidated Edison Inc. Common Stock,$97.91,0.35,0.359%,34679002557.00,United States,,1546132,Public Utilities,Power Generation
EFX,Equifax Inc. Common Stock,$223.15,-1.28,-0.57%,27427184410.00,United States,,622059,Technology,Advertising
EIX,Edison International Common Stock,$71.95,1.26,1.782%,27398285583.00,United States,,2260338,Public Utilities,Electric Utilities: Central
EL,Estee Lauder Companies Inc. (The) Common Stock,$266.64,-0.38,-0.142%,95634840893.00,United States,1995,1078913,Consumer Non-Durables,Package Goods/Cosmetics
ELAN,Elanco Animal Health Incorporated Common Stock,$26.25,-0.30,-1.13%,12421152240.00,United States,2018,1716970,Health Care,Biotechnology: Pharmaceutical Preparations
ELP,Companhia Paranaense de Energia (COPEL) American Depositary Shares (each representing one Unit consisting one Common Share and four non-voting Class B Preferred Shares),$7.64,-0.02,-0.261%,20907270650.00,Brazil,2021,1232718,Public Utilities,Electric Utilities: Central
ELS,Equity Lifestyle Properties Inc. Common Stock,$78.57,-0.37,-0.469%,14615154708.00,United States,,432669,Consumer Services,Real Estate Investment Trusts
EMN,Eastman Chemical Company Common Stock,$108.19,1.23,1.15%,13951059171.00,United States,,1011324,Basic Industries,Major Chemicals
EMR,Emerson Electric Company Common Stock,$94.57,-1.32,-1.377%,56174580000.00,United States,,3660315,Capital Goods,Industrial Machinery/Components
ENB,Enbridge Inc Common Stock,$46.71,0.57,1.235%,94615921221.00,Canada,,3397487,Energy,Oil & Gas Production
ENIA,Enel Americas S.A. American Depositary Shares,$5.51,-0.15,-2.65%,11822443180.00,Chile,,1393991,Public Utilities,Electric Utilities: Central
EOG,EOG Resources Inc. Common Stock,$126.88,6.26,5.19%,74274214050.00,United States,,4533407,Energy,Oil & Gas Production
EPAM,EPAM Systems Inc. Common Stock,$308.69,28.40,10.132%,17557836204.00,United States,2012,1595226,Technology,EDP Services
EPD,Enterprise Products Partners L.P. Common Stock,$26.40,0.18,0.686%,57456421097.00,United States,,4429377,Public Utilities,Natural Gas Distribution
EQH,Equitable Holdings Inc. Common Stock,$31.46,0.60,1.944%,12255490276.00,United States,2018,2213383,,
EQNR,Equinor ASA,$39.00,1.37,3.641%,125618716899.00,Norway,,2681831,Energy,Integrated oil Companies
EQR,Equity Residential Common Shares of Beneficial Interest,$91.77,0.11,0.12%,34497925298.00,United States,,1177437,Consumer Services,Real Estate Investment Trusts
EQT,EQT Corporation Common Stock,$38.31,1.97,5.421%,14405450708.00,United States,,10670867,Energy,Oil & Gas Production
ES,Eversource Energy (D/B/A) Common Stock,$92.53,0.39,0.423%,31899355430.00,United States,,1117005,Public Utilities,Electric Utilities: Central
ESS,Essex Property Trust Inc. Common Stock,$351.44,-0.26,-0.074%,22941541408.00,United States,1994,206722,Consumer Services,Real Estate Investment Trusts
ET,Energy Transfer LP Common Units ,$11.23,0.19,1.721%,34620164223.00,United States,,13488226,Public Utilities,Natural Gas Distribution
ETN,Eaton Corporation PLC Ordinary Shares,$145.18,-0.69,-0.473%,58009558953.00,Ireland,,1644360,Capital Goods,Industrial Machinery/Components
ETR,Entergy Corporation Common Stock,$123.32,0.33,0.268%,25097531337.00,United States,,892244,Public Utilities,Electric Utilities: Central
EVRG,Evergy Inc. Common Stock,$71.11,0.53,0.751%,16307217480.00,,2018,1032478,Public Utilities,Power Generation
EW,Edwards Lifesciences Corporation Common Stock,$123.92,0.18,0.145%,76993557657.00,United States,,2829406,Health Care,Industrial Specialties
EXR,Extra Space Storage Inc Common Stock,$213.71,0.35,0.164%,28690797452.00,United States,2004,447488,Consumer Services,Real Estate Investment Trusts
F,Ford Motor Company Common Stock,$15.05,0.09,0.602%,60483211186.00,United States,,74951889,Capital Goods,Auto Manufacturing
FCX,Freeport-McMoRan Inc. Common Stock,$48.97,0.49,1.011%,71240628263.00,United States,,9618130,Basic Industries,Precious Metals
FDX,FedEx Corporation Common Stock,$201.52,-2.25,-1.104%,52229596708.00,United States,,2320735,Transportation,Air Freight/Delivery Services
FE,FirstEnergy Corp. Common Stock,$47.47,-0.01,-0.021%,27100749080.00,United States,,2320551,Public Utilities,Electric Utilities: Central
FERG,Ferguson plc Ordinary Shares,$128.95,0.42,0.327%,28010632863.00,,2021,842458,Consumer Durables,Industrial Machinery/Components
FHN,First Horizon Corporation Common Stock,$23.40,-0.03,-0.128%,12494858805.00,United States,,5186427,Finance,Major Banks
FICO,Fair Isaac Corproation Common Stock,$418.75,-2.43,-0.577%,11004588363.00,United States,,219705,Technology,Computer Software: Prepackaged Software
FIS,Fidelity National Information Services Inc. Common Stock,$102.03,0.50,0.492%,62196539835.00,United States,,3405939,Miscellaneous,Business Services
FLT,FleetCor Technologies Inc. Common Stock,$250.50,0.84,0.336%,19510592048.00,United States,2010,1029592,Technology,EDP Services
FMC,FMC Corporation Common Stock,$138.40,2.57,1.892%,17423604763.00,United States,,960155,Basic Industries,Agricultural Chemicals
FMS,Fresenius Medical Care AG Common Stock,$34.41,1.00,2.993%,20166137341.00,Germany,,528701,Health Care,Medical/Nursing Services
FMX,Fomento Economico Mexicano S.A.B. de C.V. Common Stock,$78.66,-0.30,-0.38%,28146327840.00,Mexico,,274726,Consumer Non-Durables,Beverages (Production/Distribution)
FNF,FNF Group of Fidelity National Financial Inc. Common Stock,$42.94,-1.21,-2.741%,12176505333.00,United States,2014,4012935,Finance,Specialty Insurers
FNV,Franco-Nevada Corporation,$166.36,2.03,1.235%,31831304433.00,Canada,,509472,,
FRC,FIRST REPUBLIC BANK Common Stock,$158.13,1.22,0.778%,28400580486.00,United States,,1718027,Finance,Commercial Banks
FTS,Fortis Inc. Common Shares,$51.39,-0.19,-0.368%,24505800095.00,,2016,338289,Public Utilities,Electric Utilities: Central
FTV,Fortive Corporation Common Stock ,$59.46,-0.29,-0.485%,21350087906.00,,2016,2709638,Capital Goods,Industrial Machinery/Components
GD,General Dynamics Corporation Common Stock,$242.04,-1.57,-0.644%,67320149262.00,United States,,1081385,Capital Goods,Aerospace
GDDY,GoDaddy Inc. Class A Common Stock,$82.38,-0.53,-0.639%,13771885232.00,United States,2015,1932271,Technology,EDP Services
GE,General Electric Company Common Stock,$89.74,0.28,0.313%,98871166598.00,United States,,4015654,Consumer Durables,Metal Fabrications
GFI,Gold Fields Limited American Depositary Shares,$15.38,0.58,3.919%,13707334750.00,South Africa,,5231886,Basic Industries,Precious Metals
GFL,GFL Environmental Inc. Subordinate voting shares no par value,$32.57,-0.58,-1.75%,11018200307.00,,2020,1357266,,
GGB,Gerdau S.A. Common Stock,$6.22,0.05,0.81%,10609771942.00,Brazil,,11572870,Basic Industries,Steel/Iron Ore
GGG,Graco Inc. Common Stock,$68.21,-0.44,-0.641%,11550808475.00,United States,,450729,Capital Goods,Fluid Controls
GIB,CGI Inc. Common Stock,$81.22,-0.35,-0.429%,19765838736.00,Canada,,132932,,
GIS,General Mills Inc. Common Stock,$70.17,0.42,0.602%,42257218215.00,United States,,4041043,Consumer Services,Food Chains
GL,Globe Life Inc. Common Stock,$102.53,1.03,1.015%,10168714803.00,United States,,504455,Finance,Life Insurance
GLW,Corning Incorporated Common Stock,$34.09,-0.32,-0.93%,28828074901.00,United States,,5120055,Capital Goods,Industrial Machinery/Components
GM,General Motors Company Common Stock,$39.35,0.63,1.627%,57176389611.00,United States,2010,22080122,Capital Goods,Auto Manufacturing
GME,GameStop Corporation Common Stock,$146.19,-3.81,-2.54%,11160034665.00,United States,2002,2580289,Consumer Services,Electronics Distribution
GNRC,Generac Holdlings Inc. Common Stock,$287.41,-9.55,-3.216%,18332059134.00,United States,2010,664754,Consumer Durables,Metal Fabrications
GOLD,Barrick Gold Corporation Common Stock (BC),$25.41,0.51,2.048%,45213442262.00,Canada,,15162127,,
GPC,Genuine Parts Company Common Stock,$132.02,2.82,2.183%,18739784587.00,United States,,992249,Capital Goods,Automotive Aftermarket
GPN,Global Payments Inc. Common Stock,$134.91,0.30,0.223%,38001940817.00,United States,,1502291,Miscellaneous,Business Services
GRMN,Garmin Ltd. Common Stock (Switzerland),$114.24,-1.11,-0.962%,22023996019.00,Switzerland,2000,875815,Capital Goods,Industrial Machinery/Components
GS,Goldman Sachs Group Inc. (The) Common Stock,$321.39,7.24,2.305%,108605711572.00,United States,1999,3292631,Finance,Investment Bankers/Brokers/Service
GSK,GlaxoSmithKline PLC Common Stock,$46.64,0.41,0.887%,118556505278.00,United Kingdom,,3883384,Health Care,Biotechnology: Pharmaceutical Preparations
GWW,W.W. Grainger Inc. Common Stock,$518.55,-2.87,-0.55%,26499063959.00,United States,,249709,Consumer Non-Durables,Telecommunications Equipment
HAL,Halliburton Company Common Stock,$39.94,2.19,5.801%,35968318232.00,United States,,11824580,Energy,Oil & Gas Production
HCA,HCA Healthcare Inc. Common Stock,$258.69,4.06,1.594%,78129139120.00,United States,2011,1630499,Health Care,Hospital/Nursing Management
HD,Home Depot Inc. (The) Common Stock,$311.11,8.36,2.761%,321490399194.00,United States,,5738003,Consumer Services,RETAIL: Building Materials
HDB,HDFC Bank Limited Common Stock,$63.12,0.47,0.75%,116678182093.00,India,2001,2271324,Finance,Commercial Banks
HEI,Heico Corporation Common Stock,$150.12,-4.06,-2.633%,20397629309.00,United States,,325396,Capital Goods,Military/Government/Technical
HES,Hess Corporation Common Stock,$112.89,4.71,4.354%,34967172091.00,United States,,2683547,Energy,Oil & Gas Production
HIG,Hartford Financial Services Group Inc. (The) Common Stock,$74.13,1.68,2.319%,24584979953.00,United States,,1839255,Finance,Property-Casualty Insurers
HLT,Hilton Worldwide Holdings Inc. Common Stock ,$145.48,-0.07,-0.048%,40609153649.00,,2016,1646722,Consumer Services,Hotels/Resorts
HMC,Honda Motor Company Ltd. Common Stock,$26.06,0.07,0.269%,44605308092.00,Japan,,1643193,Capital Goods,Auto Manufacturing
HPE,Hewlett Packard Enterprise Company Common Stock,$16.10,0.10,0.625%,20932185414.00,United States,2015,8941024,Capital Goods,Telecommunications Equipment
HPQ,HP Inc. Common Stock,$38.63,-1.43,-3.57%,40691520854.00,United States,,33279285,Technology,Computer Manufacturing
HRL,Hormel Foods Corporation Common Stock,$52.71,-0.19,-0.359%,28726824023.00,United States,,1832744,Consumer Non-Durables,Meat/Poultry/Fish
HSBC,HSBC Holdings plc. Common Stock,$34.53,0.16,0.466%,139395719034.00,United Kingdom,,2310586,Finance,Savings Institutions
HSY,The Hershey Company Common Stock,$223.72,1.01,0.454%,45916707353.00,United States,,1073286,Consumer Non-Durables,Specialty Foods
HUBS,HubSpot Inc. Common Stock,$438.04,-16.85,-3.704%,20837295596.00,United States,2014,372713,Technology,Computer Software: Prepackaged Software
HUM,Humana Inc. Common Stock,$457.81,0.21,0.046%,58024341932.00,United States,,968496,Health Care,Medical Specialities
HWM,Howmet Aerospace Inc. Common Stock,$34.52,0.10,0.291%,14460596320.00,United States,,1908561,Capital Goods,Industrial Machinery/Components
IBM,International Business Machines Corporation Common Stock,$127.73,-0.82,-0.638%,114868864512.00,United States,,3142407,Technology,EDP Services
IBN,ICICI Bank Limited Common Stock,$19.88,0.39,2.001%,69065739707.00,India,,7808833,Finance,Commercial Banks
ICE,Intercontinental Exchange Inc. Common Stock,$129.89,0.01,0.008%,72795021259.00,United States,2005,5296966,Finance,Investment Bankers/Brokers/Service
ICL,ICL Group Ltd. Ordinary Shares,$12.08,0.11,0.919%,15548783379.00,Israel,2014,1045421,Basic Industries,Agricultural Chemicals
IEX,IDEX Corporation Common Stock,$196.84,-1.88,-0.946%,14980458793.00,United States,1989,436647,Capital Goods,Fluid Controls
IFF,International Flavors & Fragrances Inc. Common Stock,$124.27,-1.63,-1.295%,31657126479.00,United States,,2496862,Basic Industries,Major Chemicals
IHG,Intercontinental Hotels Group American Depositary Shares (Each representing one Ordinary Share),$64.95,-1.44,-2.169%,11951859464.00,United Kingdom,,152865,Consumer Services,Hotels/Resorts
INFY,Infosys Limited American Depositary Shares,$23.70,-0.12,-0.504%,99357128928.00,India,,5583365,Technology,EDP Services
ING,ING Group N.V. Common Stock,$10.28,0.07,0.686%,38690365834.00,Netherlands,1997,5262532,Finance,Commercial Banks
INVH,Invitation Homes Inc. Common Stock,$41.26,0.50,1.227%,25094127144.00,United States,2017,7694216,Consumer Services,Real Estate Investment Trusts
IP,International Paper Company Common Stock,$46.70,1.32,2.909%,17507266705.00,United States,,2679002,Basic Industries,Containers/Packaging
IPG,Interpublic Group of Companies Inc. (The) Common Stock,$34.14,0.05,0.147%,13449793034.00,United States,,4674132,Technology,Advertising
IQV,IQVIA Holdings Inc. Common Stock,$252.29,3.01,1.207%,48165963767.00,United States,2013,1501760,Health Care,Managed Health Care
IR,Ingersoll Rand Inc. Common Stock,$46.83,-0.92,-1.927%,19105137178.00,United States,2017,2521001,Capital Goods,Industrial Machinery/Components
IRM,Iron Mountain Incorporated (Delaware)Common Stock REIT,$55.93,0.28,0.503%,16246469440.00,United States,,1258348,Consumer Services,Real Estate Investment Trusts
IT,Gartner Inc. Common Stock,$299.68,4.93,1.673%,24659888631.00,United States,1993,538229,Finance,Diversified Commercial Services
ITUB,Itau Unibanco Banco Holding SA American Depositary Shares (Each repstg 500 Preferred shares),$5.58,0.00,0.00%,54571789676.00,Brazil,,40307277,Finance,Commercial Banks
ITW,Illinois Tool Works Inc. Common Stock,$203.65,-1.28,-0.625%,63518439684.00,United States,,821650,Capital Goods,Industrial Machinery/Components
IX,Orix Corp Ads Common Stock,$92.30,-1.31,-1.399%,22066394704.00,Japan,,40523,Finance,Diversified Financial Services
J,Jacobs Engineering Group Inc. Common Stock,$143.54,-0.08,-0.056%,18547764400.00,United States,,959225,Capital Goods,Oilfield Services/Equipment
JCI,Johnson Controls International plc Ordinary Share,$64.50,-1.01,-1.542%,45303278703.00,Switzerland,,3321552,Capital Goods,Industrial Machinery/Components
JHX,James Hardie Industries plc American Depositary Shares (Ireland),$29.81,-0.16,-0.534%,13275851693.00,Ireland,,67750,Capital Goods,Building Materials
JLL,Jones Lang LaSalle Incorporated Common Stock,$220.16,-0.68,-0.308%,10982704276.00,United States,,272284,Finance,Real Estate
JNJ,Johnson & Johnson Common Stock,$182.12,0.36,0.198%,478905566847.00,United States,,7144481,Health Care,Biotechnology: Pharmaceutical Preparations
JNPR,Juniper Networks Inc. Common Stock,$35.43,-0.27,-0.756%,11428603018.00,United States,1999,2299968,Technology,Computer peripheral equipment
JPM,JP Morgan Chase & Co. Common Stock,$133.49,2.40,1.831%,392429930139.00,United States,,13122613,Finance,Major Banks
K,Kellogg Company Common Stock,$67.56,0.42,0.626%,22932236167.00,United States,,2084946,Consumer Non-Durables,Packaged Foods
KB,KB Financial Group Inc,$48.22,0.34,0.71%,18788167634.00,South Korea,,650702,Finance,Commercial Banks
KEP,Korea Electric Power Corporation Common Stock,$9.00,-0.01,-0.111%,11555353386.00,South Korea,1994,126492,Consumer Durables,Electrical Products
KEY,KeyCorp Common Stock,$20.77,0.04,0.193%,19111086911.00,United States,,10992684,Finance,Major Banks
KEYS,Keysight Technologies Inc. Common Stock,$149.79,-1.53,-1.011%,27258043938.00,United States,2014,886360,Capital Goods,Industrial Machinery/Components
KIM,Kimco Realty Corporation Common Stock,$24.35,0.32,1.332%,15046227742.00,United States,,2121714,Consumer Services,Real Estate Investment Trusts
KKR,KKR & Co. Inc. Common Stock,$57.70,1.89,3.386%,34109090157.00,United States,,4032399,Finance,Investment Managers
KMB,Kimberly-Clark Corporation Common Stock,$126.08,-0.61,-0.481%,42479930276.00,United States,,1610684,Basic Industries,Paper
KMI,Kinder Morgan Inc. Common Stock,$19.48,0.21,1.09%,44114068717.00,United States,2011,14728733,Public Utilities,Natural Gas Distribution
KMX,CarMax Inc,$102.22,3.10,3.128%,16526915903.00,United States,,2191470,Consumer Services,Other Specialty Stores
KO,Coca-Cola Company (The) Common Stock,$63.83,0.39,0.615%,276702725744.00,United States,,12702631,Consumer Non-Durables,Beverages (Production/Distribution)
KOF,Coca Cola Femsa S.A.B. de C.V.  American Depositary Shares each representing 10 Units (each Unit consists of 3 Series B Shares and 5 Series L Shares),$55.24,0.47,0.858%,11604997404.00,Mexico,1993,76900,Consumer Non-Durables,Beverages (Production/Distribution)
KR,Kroger Company (The) Common Stock,$61.67,1.79,2.989%,44606418544.00,United States,,10511630,Consumer Services,Food Chains
L,Loews Corporation Common Stock,$64.43,0.87,1.369%,15875190934.00,United States,,682188,Finance,Property-Casualty Insurers
LDOS,Leidos Holdings Inc. Common Stock,$107.99,-0.08,-0.074%,14723569016.00,United States,,746550,Technology,EDP Services
LEN,Lennar Corporation Class A Common Stock,$74.92,0.25,0.335%,22138126009.00,United States,,3267966,Consumer Services,Building operators
LFC,China Life Insurance Company Limited American Depositary Shares,$7.81,0.13,1.693%,44149469210.00,China,2003,491527,Finance,Life Insurance
LH,Laboratory Corporation of America Holdings Common Stock,$276.75,4.86,1.787%,25786439735.00,United States,,763294,Health Care,Medical Specialities
LHX,L3Harris Technologies Inc. Common Stock,$258.03,-2.77,-1.062%,49815219678.00,United States,,882550,Capital Goods,Industrial Machinery/Components
LIN,Linde plc Ordinary Share,$317.82,-0.23,-0.072%,161371381462.00,,2018,1357176,Basic Industries,Major Chemicals
LLY,Eli Lilly and Company Common Stock,$311.69,3.26,1.057%,296837075703.00,United States,,3024088,Health Care,Biotechnology: Pharmaceutical Preparations
LMT,Lockheed Martin Corporation Common Stock,$461.52,-3.99,-0.857%,123010817370.00,United States,,1710690,Capital Goods,Aerospace
LNC,Lincoln National Corporation Common Stock,$64.21,0.79,1.246%,11073317314.00,United States,,922180,Finance,Life Insurance
LOW,Lowe's Companies Inc. Common Stock,$206.66,4.02,1.984%,136718257638.00,United States,,5065182,Consumer Services,RETAIL: Building Materials
LSI,Life Storage Inc. Common Stock,$147.04,0.23,0.157%,12305619385.00,United States,,596274,Consumer Services,Real Estate Investment Trusts
LU,Lufax Holding Ltd American Depositary Shares two of which representing one Ordinary Share,$5.60,0.15,2.752%,13788886272.00,China,2020,4506049,Finance,Finance: Consumer Services
LUMN,Lumen Technologies Inc. Common Stock,$11.36,-0.04,-0.351%,11625508465.00,United States,,7881893,Public Utilities,Telecommunications Equipment
LUV,Southwest Airlines Company Common Stock,$41.24,-1.15,-2.713%,24428179049.00,United States,,7701406,Transportation,Air Freight/Delivery Services
LVS,Las Vegas Sands Corp. Common Stock,$35.95,-0.16,-0.443%,27465527715.00,United States,2004,3918853,Consumer Services,Hotels/Resorts
LYB,LyondellBasell Industries NV Ordinary Shares Class A (Netherlands),$101.53,1.33,1.327%,33302812962.00,Netherlands,,1253478,Basic Industries,Industrial Specialties
LYG,Lloyds Banking Group Plc American Depositary Shares,$2.29,-0.01,-0.435%,40109775571.00,United Kingdom,,10097157,Finance,Commercial Banks
LYV,Live Nation Entertainment Inc. Common Stock,$107.88,-1.73,-1.578%,24232633569.00,United States,,995882,Consumer Services,Movies/Entertainment
MA,Mastercard Incorporated Common Stock,$352.27,2.72,0.778%,344335625167.00,United States,2006,2234685,Miscellaneous,Business Services
MAA,Mid-America Apartment Communities Inc. Common Stock,$214.33,-1.74,-0.805%,24721137051.00,United States,1994,810484,Consumer Services,Real Estate Investment Trusts
MAS,Masco Corporation Common Stock,$50.67,0.01,0.02%,11984672651.00,United States,,1968586,Capital Goods,Building Products
MCD,McDonald's Corporation Common Stock,$251.46,-2.90,-1.14%,186981813188.00,United States,,2550995,Consumer Services,Restaurants
MCK,McKesson Corporation Common Stock,$325.84,5.70,1.78%,48810303488.00,United States,,1285564,Health Care,Other Pharmaceuticals
MCO,Moody's Corporation Common Stock,$342.69,-0.69,-0.201%,63526915067.00,United States,,655258,Technology,Advertising
MDT,Medtronic plc. Ordinary Shares,$112.47,0.14,0.125%,150882911350.00,United States,,5230493,Health Care,Biotechnology: Electromedical & Electrotherapeutic Apparatus
MET,MetLife Inc. Common Stock,$70.61,1.06,1.524%,58258774809.00,United States,2000,2954940,Finance,Life Insurance
MFC,Manulife Financial Corporation Common Stock,$21.41,0.34,1.614%,41458788361.00,Canada,,3501540,Technology,Advertising
MFG,Mizuho Financial Group Inc. Sponosred ADR (Japan),$2.48,-0.05,-1.976%,31429318603.00,Japan,,1430193,Finance,Major Banks
MGA,Magna International Inc. Common Stock,$61.27,-0.05,-0.082%,18073555534.00,Canada,,959508,Capital Goods,Auto Parts:O.E.M.
MGM,MGM Resorts International Common Stock,$39.20,0.02,0.051%,17065056187.00,United States,,3794570,Consumer Services,Hotels/Resorts
MKC,McCormick & Company Incorporated Common Stock,$102.12,-0.87,-0.845%,27375971159.00,United States,,763566,Consumer Non-Durables,Farming/Seeds/Milling
MKL,Markel Corporation Common Stock,$1482.48,-3.35,-0.225%,20135832039.00,United States,1986,63258,Finance,Property-Casualty Insurers
MLM,Martin Marietta Materials Inc. Common Stock,$371.97,2.38,0.644%,23208916758.00,United States,1994,337069,Capital Goods,Building Materials
MMC,Marsh & McLennan Companies Inc. Common Stock,$172.57,-0.66,-0.381%,86752001859.00,United States,,2869412,Finance,Specialty Insurers
MMM,3M Company Common Stock,$149.81,-0.14,-0.093%,85267643088.00,United States,,2790482,Consumer Durables,Consumer Electronics/Appliances
MMP,Magellan Midstream Partners L.P. Limited Partnership,$49.24,0.26,0.531%,10458244221.00,United States,,1088370,Energy,Oil & Gas Production
MO,Altria Group Inc.,$54.11,0.38,0.707%,98331793693.00,United States,,7424519,Consumer Non-Durables,Farming/Seeds/Milling
MOH,Molina Healthcare Inc Common Stock,$337.60,-4.70,-1.373%,19808178664.00,United States,2003,366418,Health Care,Medical Specialities
MOS,Mosaic Company (The) Common Stock,$73.86,2.34,3.272%,27203323052.00,United States,,8343820,Basic Industries,Agricultural Chemicals
MPC,Marathon Petroleum Corporation Common Stock,$86.90,1.05,1.223%,48540120487.00,United States,,5088841,Energy,Integrated oil Companies
MPLX,MPLX LP Common Units Representing Limited Partner Interests,$33.83,0.60,1.806%,34324854211.00,United States,2012,1545416,Energy,Oil & Gas Production
MPW,Medical Properties Trust Inc. common stock,$21.10,-0.03,-0.142%,12657890000.00,United States,2005,2675549,Consumer Services,Real Estate Investment Trusts
MRK,Merck & Company Inc. Common Stock (new),$87.68,0.88,1.014%,221685998493.00,United States,,11408112,Health Care,Biotechnology: Pharmaceutical Preparations
MRO,Marathon Oil Corporation Common Stock,$25.90,0.97,3.891%,18926817722.00,United States,,16058446,Energy,Oil & Gas Production
MS,Morgan Stanley Common Stock,$84.06,0.93,1.119%,149736035045.00,United States,,6935379,Finance,Investment Bankers/Brokers/Service
MSCI,MSCI Inc Common Stock,$506.49,-3.51,-0.688%,41161383229.00,United States,,588132,Technology,Advertising
MSI,Motorola Solutions Inc. Common Stock,$239.46,-1.83,-0.758%,40097141901.00,United States,,526542,Technology,Radio And Television Broadcasting And Communications Equipment
MT,Arcelor Mittal NY Registry Shares NEW,$30.61,-0.20,-0.649%,27839280507.00,Luxembourg,,3592322,Basic Industries,Steel/Iron Ore
MTB,M&T Bank Corporation Common Stock,$163.07,1.86,1.154%,29344665666.00,United States,,1348861,Finance,Major Banks
MTD,Mettler-Toledo International Inc. Common Stock,$1381.84,13.10,0.957%,31416947686.00,Switzerland,1997,144888,Health Care,Medical Specialities
MUFG,Mitsubishi UFJ Financial Group Inc. Common Stock,$6.04,0.00,0.00%,76414668179.00,Japan,,2354843,Finance,Commercial Banks
NEE,NextEra Energy Inc. Common Stock,$86.09,-0.99,-1.137%,169118620746.00,United States,,5728969,Public Utilities,Electric Utilities: Central
NEM,Newmont Corporation,$82.12,1.09,1.345%,65084163051.00,United States,,4195477,Basic Industries,Precious Metals
NET,Cloudflare Inc. Class A Common Stock,$109.77,-2.59,-2.305%,35573863684.00,United States,2019,2377197,Technology,EDP Services
NGG,National Grid Transco PLC National Grid PLC (NEW) American Depositary Shares,$79.83,0.20,0.251%,58195161934.00,United Kingdom,,384028,Public Utilities,Natural Gas Distribution
NI,NiSource Inc Common Stock,$32.05,-0.06,-0.187%,12992589571.00,United States,,3057161,Public Utilities,Power Generation
NIO,NIO Inc. American depositary shares each  representing one Class A ordinary share,$20.00,-0.36,-1.768%,33380417040.00,,2018,59478547,Finance,Finance Companies
NKE,Nike Inc. Common Stock,$128.15,-1.23,-0.951%,201678301152.00,United States,,4876032,Consumer Non-Durables,Shoe Manufacturing
NMR,Nomura Holdings Inc ADR American Depositary Shares,$4.07,-0.02,-0.489%,12279642401.00,Japan,,2057153,Finance,Investment Bankers/Brokers/Service
NOC,Northrop Grumman Corporation Common Stock,$463.66,-7.11,-1.51%,72193655437.00,United States,,909483,Miscellaneous,Diversified Manufacture
NOK,Nokia Corporation Sponsored American Depositary Shares,$5.37,-0.07,-1.287%,30316524609.00,Finland,1994,16914680,Technology,Radio And Television Broadcasting And Communications Equipment
NOW,ServiceNow Inc. Common Stock,$515.60,-14.18,-2.677%,103120000000.00,United States,2012,1240341,Technology,Computer Software: Prepackaged Software
NSC,Norfolk Southern Corporation Common Stock,$258.15,-0.51,-0.197%,66950903562.00,United States,,1150766,Transportation,Railroads
NTR,Nutrien Ltd. Common Shares,$106.02,1.67,1.60%,58576779842.00,,2018,3072712,Capital Goods,Aerospace
NU,Nu Holdings Ltd. Class A Ordinary Shares,$7.28,-0.03,-0.41%,33761319177.00,,2021,7751698,,
NUE,Nucor Corporation Common Stock,$150.76,-0.15,-0.099%,40521109225.00,United States,,2624929,Basic Industries,Steel/Iron Ore
NVO,Novo Nordisk A/S Common Stock,$120.56,-1.25,-1.026%,274177745378.00,Denmark,,1289232,Health Care,Biotechnology: Biological Products (No Diagnostic Substances)
NVR,NVR Inc. Common Stock,$4293.89,-30.41,-0.703%,14427921258.00,United States,,18405,Capital Goods,Homebuilding
NVS,Novartis AG Common Stock,$92.73,1.33,1.455%,207245981378.00,Switzerland,,3115121,Health Care,Biotechnology: Pharmaceutical Preparations
NWG,NatWest Group plc American Depositary Shares,$5.65,-0.02,-0.353%,29957092842.00,United Kingdom,,1850903,Finance,Commercial Banks
O,Realty Income Corporation Common Stock,$72.16,0.54,0.754%,43144538613.00,United States,,2815010,Consumer Services,Real Estate Investment Trusts
OKE,ONEOK Inc. Common Stock,$71.61,0.72,1.016%,31953333339.00,United States,,1907792,Public Utilities,Oil & Gas Production
OMC,Omnicom Group Inc. Common Stock,$77.91,-0.98,-1.242%,16123280270.00,United States,,2213644,Technology,Advertising
ORAN,Orange,$11.99,0.08,0.672%,31867286967.00,France,,462200,Public Utilities,Telecommunications Equipment
ORCL,Oracle Corporation Common Stock,$80.94,-0.60,-0.736%,215960627580.00,United States,1986,6182020,Technology,Computer Software: Prepackaged Software
OTIS,Otis Worldwide Corporation Common Stock ,$77.24,-0.30,-0.387%,32824092377.00,,2020,2106957,,
OVV,Ovintiv Inc. (DE),$52.63,1.09,2.115%,13614954486.00,Canada,,4502946,Energy,Oil & Gas Production
OXY,Occidental Petroleum Corporation Common Stock,$61.80,4.12,7.143%,57900988375.00,United States,,41569940,Energy,Oil & Gas Production
PATH,UiPath Inc. Class A Common Stock,$19.94,-1.14,-5.408%,10809220563.00,,2021,9382865,Technology,Computer Software: Prepackaged Software
PAYC,Paycom Software Inc. Common Stock,$323.69,-4.38,-1.335%,19488590275.00,,2014,743229,Technology,Computer Software: Prepackaged Software
PBA,Pembina Pipeline Corp. Ordinary Shares (Canada),$38.74,0.43,1.122%,21321024074.00,Canada,,781271,Energy,Oil & Gas Production
PBR,Petroleo Brasileiro S.A.- Petrobras Common Stock,$15.69,0.26,1.685%,102334078416.00,Brazil,,26435041,Energy,Oil & Gas Production
PCG,Pacific Gas & Electric Co. Common Stock,$12.84,0.50,4.052%,28912650543.00,United States,,27979296,Public Utilities,Power Generation
PEAK,Healthpeak Properties Inc. Common Stock,$35.22,0.20,0.571%,19001198981.00,United States,,2049006,Consumer Services,Real Estate Investment Trusts
PEG,Public Service Enterprise Group Incorporated Common Stock,$72.09,0.48,0.67%,36194798334.00,United States,,3573819,Public Utilities,Electric Utilities: Central
PFE,Pfizer Inc. Common Stock,$55.17,0.01,0.018%,311587716958.00,United States,,24606668,Health Care,Biotechnology: Pharmaceutical Preparations
PG,Procter & Gamble Company (The) Common Stock,$160.10,1.24,0.781%,383770219531.00,United States,,6043544,Consumer Non-Durables,Package Goods/Cosmetics
PGR,Progressive Corporation (The) Common Stock,$118.51,-1.02,-0.853%,69313959686.00,United States,,3215993,Finance,Property-Casualty Insurers
PH,Parker-Hannifin Corporation Common Stock,$274.06,-2.57,-0.929%,35210580374.00,United States,,587800,Capital Goods,Office Equipment/Supplies/Services
PHG,Koninklijke Philips N.V. NY Registry Shares,$31.35,0.58,1.885%,27280219651.00,Netherlands,,1156473,Health Care,Biotechnology: Electromedical & Electrotherapeutic Apparatus
PINS,Pinterest Inc. Class A Common Stock,$23.55,-0.02,-0.085%,15499312442.00,,2019,7776442,Consumer Services,Interactive Media
PKG,Packaging Corporation of America Common Stock,$153.34,2.04,1.348%,14368542992.00,United States,2000,484991,Basic Industries,Paper
PKI,PerkinElmer Inc. Common Stock,$172.49,0.08,0.046%,21760886131.00,United States,,654649,Health Care,Medical Specialities
PKX,POSCO Holdings Inc. American Depositary Shares (Each representing 1/4th of a share of Common Stock),$58.33,0.55,0.952%,18392461375.00,South Korea,1994,139868,Basic Industries,Steel/Iron Ore
PLD,Prologis Inc. Common Stock,$168.65,-0.18,-0.107%,124831652643.00,United States,,1839615,Consumer Services,Real Estate Investment Trusts
PLTR,Palantir Technologies Inc. Class A Common Stock,$12.70,-0.14,-1.09%,25782502905.00,,2020,24942975,Technology,Retail: Computer Software & Peripheral Equipment
PM,Philip Morris International Inc Common Stock,$100.07,0.40,0.401%,155116713045.00,United States,,5086220,Consumer Non-Durables,Farming/Seeds/Milling
PNC,PNC Financial Services Group Inc. (The) Common Stock,$184.70,3.32,1.83%,77288601375.00,United States,,2694265,Finance,Major Banks
PPG,PPG Industries Inc. Common Stock,$132.53,-1.62,-1.208%,31296710476.00,United States,,1318918,Basic Industries,Paints/Coatings
PPL,PPL Corporation Common Stock,$29.11,-0.02,-0.069%,21406384472.00,United States,,4928883,Public Utilities,Electric Utilities: Central
PRU,Prudential Financial Inc. Common Stock,$116.71,2.06,1.797%,43932623023.00,United States,2001,1319498,Finance,Life Insurance
PSA,Public Storage Common Stock,$408.95,-0.25,-0.061%,71712132689.00,United States,,526703,Consumer Services,Real Estate Investment Trusts
PSX,Phillips 66 Common Stock,$84.25,1.17,1.408%,40531523050.00,United States,,4686177,Energy,Integrated oil Companies
PTR,PetroChina Company Limited Common Stock,$52.75,0.46,0.88%,96543565790.00,China,,120047,Energy,Oil & Gas Production
PUK,Prudential Public Limited Company Common Stock,$28.91,0.05,0.173%,39741230603.00,United Kingdom,,494252,Finance,Life Insurance
PWR,Quanta Services Inc. Common Stock,$133.99,1.63,1.231%,19119075173.00,United States,,1660732,Capital Goods,Engineering & Construction
PXD,Pioneer Natural Resources Company Common Stock,$254.11,9.72,3.977%,61719257052.00,United States,,2107771,Energy,Oil & Gas Production
QGEN,Qiagen N.V. Common Shares ,$49.06,-0.26,-0.527%,11140226450.00,Netherlands,,640568,Health Care,Biotechnology: Biological Products (No Diagnostic Substances)
QSR,Restaurant Brands International Inc. Common Shares,$59.15,-0.01,-0.017%,18314767462.00,Canada,2014,772889,,
RACE,Ferrari N.V. Common Shares,$219.51,-1.89,-0.854%,40236238097.00,,2015,356426,Capital Goods,Auto Manufacturing
RBLX,Roblox Corporation Class A Common Stock,$43.10,-1.63,-3.644%,25478024354.00,,2021,18278950,Technology,EDP Services
RCI,Rogers Communication Inc. Common Stock,$58.49,0.36,0.619%,29533081850.00,Canada,,255377,,
RCL,D/B/A Royal Caribbean Cruises Ltd. Common Stock,$77.86,-1.33,-1.68%,19854515750.00,United States,1993,1999273,Transportation,Hotels/Resorts
RE,Everest Re Group Ltd. Common Stock,$297.82,1.28,0.432%,11695946536.00,Bermuda,,168524,Finance,Property-Casualty Insurers
RELX,RELX PLC PLC American Depositary Shares (Each representing One Ordinary Share),$31.70,-0.49,-1.522%,61193160437.00,United Kingdom,2015,726635,Consumer Services,Publishing
REXR,Rexford Industrial Realty Inc. Common Stock,$77.66,0.36,0.466%,12467244088.00,United States,2013,593720,Consumer Services,Real Estate Investment Trusts
RF,Regions Financial Corporation Common Stock,$20.75,0.33,1.616%,19445782281.00,United States,,7765462,Finance,Major Banks
RHI,Robert Half International Inc. Common Stock,$110.40,-0.40,-0.361%,12219733075.00,United States,,1012643,Technology,Diversified Commercial Services
RIO,Rio Tinto Plc Common Stock,$80.28,-0.57,-0.705%,130087803615.00,Australia,2002,2769462,Basic Industries,Steel/Iron Ore
RJF,Raymond James Financial Inc. Common Stock,$108.62,2.08,1.952%,22549733911.00,United States,,1181752,Finance,Investment Bankers/Brokers/Service
RMD,ResMed Inc. Common Stock,$249.33,-2.75,-1.091%,36460584057.00,United States,,401056,Health Care,Medical/Dental Instruments
RNG,RingCentral Inc. Class A Common Stock,$111.80,-3.27,-2.842%,10558634047.00,,2013,969321,Technology,EDP Services
ROK,Rockwell Automation Inc. Common Stock,$269.41,-1.64,-0.605%,31304397767.00,United States,,472124,Capital Goods,Industrial Machinery/Components
ROL,Rollins Inc. Common Stock,$35.39,-0.15,-0.422%,17428167752.00,United States,,911228,Technology,Industrial Specialties
ROP,Roper Technologies Inc. Common Stock,$482.16,-3.11,-0.641%,50917462924.00,United States,1992,479512,Capital Goods,Office Equipment/Supplies/Services
RPM,RPM International Inc. Common Stock,$85.59,-0.83,-0.96%,11098946501.00,United States,,671639,Basic Industries,Paints/Coatings
RS,Reliance Steel & Aluminum Co. Common Stock (DE),$179.36,0.91,0.51%,11067342975.00,United States,1994,283034,Basic Industries,Steel/Iron Ore
RSG,Republic Services Inc. Common Stock,$135.83,0.55,0.407%,42893231804.00,United States,1998,937208,Public Utilities,Environmental Services
RTX,Raytheon Technologies Corporation Common Stock,$100.40,-0.58,-0.574%,149622945051.00,United States,,4811083,Capital Goods,Military/Government/Technical
RY,Royal Bank Of Canada Common Stock,$108.70,1.03,0.957%,153986610196.00,Canada,,630234,Finance,Commercial Banks
SAN,Banco Santander S.A. Sponsored ADR (Spain),$3.37,0.02,0.597%,57561996168.00,Spain,,3170327,Finance,Commercial Banks
SAP,SAP  SE ADS,$108.47,-0.71,-0.65%,127948971010.00,Germany,,799962,Technology,EDP Services
SBSW,D/B/A Sibanye-Stillwater Limited ADS,$17.12,1.12,7.00%,12019978827.00,,,6289624,Basic Industries,Precious Metals
SCCO,Southern Copper Corporation Common Stock,$73.83,0.40,0.545%,57077003538.00,United States,,618927,Basic Industries,Precious Metals
SCHW,Charles Schwab Corporation (The) Common Stock,$81.69,1.66,2.074%,154826832516.00,United States,,6617654,Finance,Investment Bankers/Brokers/Service
SCI,Service Corporation International Common Stock,$69.48,0.06,0.086%,11169640721.00,United States,,794878,Miscellaneous,Other Consumer Services
SE,Sea Limited American Depositary Shares each representing one Class A Ordinary Share,$114.42,-1.83,-1.574%,63816377383.00,United States,2017,4712290,Technology,Computer Software: Prepackaged Software
SEE,Sealed Air Corporation Common Stock,$68.69,1.79,2.676%,10176982843.00,United States,,916139,Basic Industries,Containers/Packaging
SHEL,Royal Dutch Shell PLC American Depositary Shares (each representing two (2) Ordinary Shares) ,$56.09,0.67,1.209%,211677037622.00,Netherlands,,5355464,Energy,Oil & Gas Production
SHG,Shinhan Financial Group Co Ltd American Depositary Shares,$32.76,-0.06,-0.183%,16800023036.00,South Korea,,110594,Finance,Major Banks
SHOP,Shopify Inc. Class A Subordinate Voting Shares,$603.18,-40.79,-6.334%,75971565105.00,Canada,2015,4177429,,
SHW,Sherwin-Williams Company (The) Common Stock,$263.76,-0.07,-0.027%,68722044999.00,United States,,1131305,Basic Industries,Paints/Coatings
SJM,J.M. Smucker Company (The) New Common Stock,$138.80,1.46,1.063%,15054025087.00,United States,,582071,Consumer Non-Durables,Packaged Foods
SJR,Shaw Communications Inc. Common Stock,$31.35,0.09,0.288%,15646913347.00,Canada,,315543,,
SKM,SK Telecom Co. Ltd. Common Stock,$26.96,0.78,2.979%,10589831141.00,South Korea,,454802,Public Utilities,Telecommunications Equipment
SLB,Schlumberger N.V. Common Stock,$42.55,1.58,3.856%,60128851104.00,France,,10523638,Energy,Oilfield Services/Equipment
SLF,Sun Life Financial Inc. Common Stock,$54.94,0.49,0.90%,32197882852.00,Canada,,529741,Technology,Advertising
SMFG,Sumitomo Mitsui Financial Group Inc Unsponsored American Depositary Shares (Japan),$6.19,0.03,0.487%,42426691134.00,Japan,,2438297,Finance,Commercial Banks
SNA,Snap-On Incorporated Common Stock,$208.40,3.11,1.515%,11132078834.00,United States,,465169,Capital Goods,Diversified Manufacture
SNAP,Snap Inc. Class A Common Stock,$35.67,-0.58,-1.60%,57938666464.00,United States,2017,21710436,Technology,Internet and Information Services
SNN,Smith & Nephew SNATS Inc. Common Stock,$31.98,-0.41,-1.266%,13977741776.00,United Kingdom,,576697,Health Care,Industrial Specialties
SNOW,Snowflake Inc. Class A Common Stock,$208.34,-5.54,-2.59%,65543764000.00,United States,2020,3945670,Technology,Computer Software: Prepackaged Software
SNP,China Petroleum & Chemical Corporation Common Stock,$51.15,0.71,1.408%,61927923710.00,China,,76969,Energy,Integrated oil Companies
SO,Southern Company (The) Common Stock,$76.49,0.73,0.964%,81096731640.00,United States,,3730611,Public Utilities,Power Generation
SONY,Sony Group Corporation American Depositary Shares ,$98.27,0.07,0.071%,121694909797.00,Japan,,599052,Consumer Non-Durables,Consumer Electronics/Appliances
SPG,Simon Property Group Inc. Common Stock,$127.47,1.96,1.562%,41854811339.00,United States,,1804836,Consumer Services,Real Estate Investment Trusts
SPGI,S&P Global Inc. Common Stock,$413.09,-1.90,-0.458%,143353328076.00,United States,,1061931,Technology,Advertising
SPOT,Spotify Technology S.A. Ordinary Shares,$141.28,-0.11,-0.078%,27218881745.00,Luxembourg,2018,1434054,Consumer Services,Broadcasting
SQ,Block Inc. Class A Common Stock,$123.22,-2.71,-2.152%,71474753167.00,United States,2015,13641690,Technology,Computer Software: Prepackaged Software
SQM,Sociedad Quimica y Minera S.A. Common Stock,$85.52,-0.13,-0.152%,24427800757.00,Chile,1993,1033231,Basic Industries,Agricultural Chemicals
SRE,DBA Sempra Common Stock,$169.79,1.74,1.035%,53614931446.00,United States,,1235631,Public Utilities,Oil/Gas Transmission
SSL,Sasol Ltd. American Depositary Shares,$25.39,0.77,3.128%,16132681741.00,South Africa,,268360,Energy,Oil & Gas Production
STE,STERIS plc (Ireland) Ordinary Shares,$249.12,0.68,0.274%,24943689060.00,United States,,480318,Health Care,Industrial Specialties
STLA,Stellantis N.V. Common Shares,$14.85,-0.09,-0.602%,46522195592.00,United Kingdom,2014,4035162,Capital Goods,Auto Manufacturing
STM,STMicroelectronics N.V. Common Stock,$37.81,-1.00,-2.577%,34203565670.00,Switzerland,,3488177,Technology,Semiconductors
STT,State Street Corporation Common Stock,$84.17,0.21,0.25%,30811887924.00,United States,,1154477,Finance,Investment Managers
STZ,Constellation Brands Inc. Common Stock,$244.46,1.96,0.808%,45847916120.00,United States,,1270279,Consumer Non-Durables,Beverages (Production/Distribution)
SU,Suncor Energy  Inc. Common Stock,$32.82,0.17,0.521%,46979557412.00,Canada,,5625437,,
SUI,Sun Communities Inc. Common Stock,$182.53,0.26,0.143%,21210977138.00,United States,1993,477001,Consumer Services,Real Estate Investment Trusts
SUZ,Suzano S.A. American Depositary Shares (each representing One Ordinary Share),$11.60,0.04,0.346%,15650970328.00,,2018,737670,Basic Industries,Paper
SWK,Stanley Black & Decker Inc. Common Stock,$140.92,1.81,1.301%,23027947312.00,United States,,1565189,Capital Goods,Diversified Manufacture
SYF,Synchrony Financial Common Stock,$36.64,0.99,2.777%,18548003868.00,United States,2014,5746811,Finance,Diversified Financial Services
SYK,Stryker Corporation Common Stock,$269.47,-0.70,-0.259%,101778836516.00,United States,,1097169,Health Care,Medical/Dental Instruments
SYY,Sysco Corporation Common Stock,$85.57,1.89,2.259%,43422279494.00,United States,,3077513,Consumer Non-Durables,Food Distributors
T,AT&T Inc.,$24.14,0.41,1.728%,172915574761.00,United States,,55214739,Consumer Services,Telecommunications Equipment
TAK,Takeda Pharmaceutical Company Limited American Depositary Shares (each representing 1/2 of a share of Common Stock),$15.03,0.12,0.805%,46606350578.00,,2018,4502765,Health Care,Biotechnology: Pharmaceutical Preparations
TAP,Molson Coors Beverage Company Class B Common Stock,$51.56,1.07,2.119%,11187664310.00,Canada,,1137407,Consumer Non-Durables,Beverages (Production/Distribution)
TD,Toronto Dominion Bank (The) Common Stock,$76.96,0.34,0.444%,139579611147.00,Canada,,1431428,,
TDG,Transdigm Group Incorporated Common Stock,$640.82,-10.57,-1.623%,35541210746.00,United States,2006,160131,Capital Goods,Military/Government/Technical
TDOC,Teladoc Health Inc. Common Stock,$66.06,-2.73,-3.969%,10591204328.00,United States,2015,2526615,Health Care,Medical/Nursing Services
TDY,Teledyne Technologies Incorporated Common Stock,$480.68,0.98,0.204%,22479394358.00,United States,,217240,Capital Goods,Industrial Machinery/Components
TECK,Teck Resources Ltd Ordinary Shares,$41.00,1.47,3.719%,21922700000.00,Canada,,4744325,,
TEF,Telefonica SA Common Stock,$4.97,0.02,0.404%,28721868659.00,Spain,1988,868844,Public Utilities,Telecommunications Equipment
TEL,TE Connectivity Ltd. New Switzerland Registered Shares,$124.76,-0.64,-0.51%,40618765071.00,Switzerland,,1746132,Technology,Electronic Components
TEVA,Teva Pharmaceutical Industries Limited American Depositary Shares,$10.40,0.22,2.161%,11474628838.00,Israel,,9683083,Health Care,Biotechnology: Pharmaceutical Preparations
TFC,Truist Financial Corporation Common Stock,$53.87,-0.01,-0.019%,71592869502.00,United States,,4688351,Finance,Major Banks
TFX,Teleflex Incorporated Common Stock,$346.47,3.30,0.962%,16250033385.00,United States,,168577,Health Care,Medical/Dental Instruments
TGT,Target Corporation Common Stock,$233.34,5.15,2.257%,107900633621.00,United States,,6628460,Consumer Services,Department/Specialty Retail Stores
TJX,TJX Companies Inc. (The) Common Stock,$61.56,0.23,0.375%,72347043006.00,United States,,7604380,Consumer Services,Department/Specialty Retail Stores
TLK,PT Telekomunikasi Indonesia Tbk,$31.65,0.28,0.893%,31353191554.00,Indonesia,,1009282,Public Utilities,Telecommunications Equipment
TM,Toyota Motor Corporation Common Stock,$170.78,-3.71,-2.126%,235529678291.00,Japan,,366448,Capital Goods,Auto Manufacturing
TMO,Thermo Fisher Scientific Inc Common Stock,$608.86,-3.35,-0.547%,238181021082.00,United States,,1628978,Capital Goods,Biotechnology: Laboratory Analytical Instruments
TPL,Texas Pacific Land Corporation Common Stock,$1426.30,-4.46,-0.312%,11047228363.00,United States,,17529,Energy,Oil & Gas Production
TRGP,Targa Resources Inc. Common Stock,$77.27,1.37,1.805%,17638195031.00,United States,2010,1313722,Public Utilities,Natural Gas Distribution
TRI,Thomson Reuters Corp Ordinary Shares,$108.79,0.05,0.046%,52903286098.00,United States,,286368,,
TRP,TC Energy Corporation Common Stock,$58.73,0.16,0.273%,57625764942.00,Canada,,950250,,
TRU,TransUnion Common Stock,$96.09,-0.53,-0.549%,18487677756.00,United States,2015,950292,Technology,Advertising
TRV,The Travelers Companies Inc. Common Stock,$184.86,2.77,1.521%,44643825318.00,United States,,1120587,Finance,Property-Casualty Insurers
TS,Tenaris S.A. American Depositary Shares,$31.41,0.88,2.882%,18540330915.00,Luxembourg,,2807712,Basic Industries,Steel/Iron Ore
TSM,Taiwan Semiconductor Manufacturing Company Ltd.,$99.29,-1.23,-1.224%,514897952029.00,Taiwan,1997,11788505,Technology,Semiconductors
TSN,Tyson Foods Inc. Common Stock,$92.44,1.00,1.094%,33506336149.00,United States,,1853211,Consumer Non-Durables,Meat/Poultry/Fish
TT,Trane Technologies plc,$149.80,-2.57,-1.687%,34984006032.00,Ireland,,1014249,Capital Goods,Industrial Machinery/Components
TTE,TotalEnergies SE,$49.56,0.02,0.04%,128341481362.00,France,,1950023,Energy,Oil & Gas Production
TTM,Tata Motors Ltd Tata Motors Limited,$30.15,0.93,3.183%,23089864347.00,India,,1163188,Capital Goods,Auto Manufacturing
TU,Telus Corporation Ordinary Shares,$27.40,0.15,0.55%,37543887767.00,Canada,,1273971,,
TWLO,Twilio Inc. Class A Common Stock,$146.42,-6.16,-4.037%,26578663695.00,United States,2016,1830242,Capital Goods,Industrial Machinery/Components
TWTR,Twitter Inc. Common Stock,$46.23,-1.80,-3.748%,37013641104.00,,2013,83259298,Technology,EDP Services
TXT,Textron Inc. Common Stock,$68.29,-1.61,-2.303%,14773133224.00,United States,,1292495,Capital Goods,Aerospace
TYL,Tyler Technologies Inc. Common Stock,$425.76,-12.12,-2.768%,17604714902.00,United States,,102198,Technology,Computer Software: Prepackaged Software
U,Unity Software Inc. Common Stock,$90.69,-3.17,-3.377%,26671505206.00,United States,2020,2066759,Technology,Retail: Computer Software & Peripheral Equipment
UBER,Uber Technologies Inc. Common Stock,$32.05,-0.22,-0.682%,62656529312.00,,2019,17977245,Technology,EDP Services
UBS,UBS Group AG Registered Ordinary Shares,$18.53,-0.06,-0.323%,62994730070.00,Switzerland,2014,3022861,Finance,Major Banks
UDR,UDR Inc. Common Stock,$58.74,-0.38,-0.643%,18702905872.00,United States,,2061009,Consumer Services,Real Estate Investment Trusts
UHS,Universal Health Services Inc. Common Stock,$146.00,1.63,1.129%,10921597160.00,United States,,566989,Health Care,Hospital/Nursing Management
UI,Ubiquiti Inc. Common Stock,$284.04,-4.50,-1.56%,17478332946.00,United States,,93414,Technology,Radio And Television Broadcasting And Communications Equipment
UL,Unilever PLC Common Stock,$45.83,-0.29,-0.629%,117449438397.00,United Kingdom,,3891591,Consumer Non-Durables,Farming/Seeds/Milling
UMC,United Microelectronics Corporation (NEW) Common Stock,$8.43,-0.17,-1.977%,21044860187.00,Taiwan,,8482257,Technology,Semiconductors
UNH,UnitedHealth Group Incorporated Common Stock (DE),$545.96,9.01,1.678%,513693297750.00,United States,,3985478,Health Care,Medical Specialities
UNP,Union Pacific Corporation Common Stock,$241.98,-2.88,-1.176%,152057088922.00,United States,,3530706,Transportation,Railroads
UPS,United Parcel Service Inc. Common Stock,$190.97,-1.73,-0.898%,166338970890.00,United States,1999,5462727,Transportation,Air Freight/Delivery Services
URI,United Rentals Inc. Common Stock,$317.05,-3.87,-1.206%,22888491672.00,United States,1997,802717,Technology,Diversified Commercial Services
USB,U.S. Bancorp Common Stock,$52.25,-0.33,-0.628%,77593266328.00,United States,,9974756,Finance,Major Banks
V,Visa Inc.,$216.98,0.83,0.384%,455217691382.00,United States,,5438568,Miscellaneous,Business Services
VALE,VALE S.A.  American Depositary Shares Each Representing one common share,$20.10,-0.38,-1.855%,97379726732.00,Brazil,,34809428,Basic Industries,Steel/Iron Ore
VEEV,Veeva Systems Inc. Class A Common Stock,$196.36,-7.78,-3.811%,30309931865.00,,2013,967633,Health Care,Managed Health Care
VFC,V.F. Corporation Common Stock,$56.63,0.52,0.927%,22023501402.00,United States,,3421174,Consumer Non-Durables,Apparel
VICI,VICI Properties Inc. Common Stock,$28.24,0.44,1.583%,21135191903.00,,2018,5592359,Consumer Services,Real Estate Investment Trusts
VIV,Telefonica Brasil S.A. American Depositary Shares (Each representing One Common Share),$11.35,-0.05,-0.439%,19033249376.00,Brazil,2020,1605235,Public Utilities,Telecommunications Equipment
VLO,Valero Energy Corporation Common Stock,$103.22,-0.11,-0.106%,42259994045.00,United States,,3291129,Energy,Integrated oil Companies
VMC,Vulcan Materials Company (Holding Company) Common Stock,$176.91,0.84,0.477%,23510313983.00,United States,,433815,,
VMW,Vmware Inc. Common stock Class A,$111.05,-0.20,-0.18%,46758301449.00,United States,2007,876015,Technology,Computer Software: Prepackaged Software
VST,Vistra Corp. Common Stock,$24.51,0.39,1.617%,10808738283.00,,,6982656,Public Utilities,Power Generation
VTR,Ventas Inc. Common Stock,$61.04,-0.31,-0.505%,24386385345.00,United States,,2184030,Consumer Services,Real Estate Investment Trusts
W,Wayfair Inc. Class A Common Stock,$112.09,0.15,0.134%,11779277267.00,United States,2014,2394759,Consumer Services,Catalog/Specialty Distribution
WAB,Westinghouse Air Brake Technologies Corporation Common Stock,$89.31,-1.30,-1.435%,16455503608.00,United States,,1169093,Capital Goods,Railroads
WAT,Waters Corporation Common Stock,$312.12,-1.63,-0.52%,18888135314.00,United States,1995,286891,Health Care,Medical Specialities
WCN,Waste Connections Inc. Common Shares,$144.89,0.59,0.409%,37258942651.00,Canada,,1154681,Public Utilities,Power Generation
WEC,WEC Energy Group Inc. Common Stock,$104.49,0.68,0.655%,32959754144.00,United States,,1382875,Public Utilities,Power Generation
WELL,Welltower Inc. Common Stock,$96.98,0.69,0.717%,44025716266.00,United States,,1275697,Consumer Services,Real Estate Investment Trusts
WES,Western Midstream Partners LP Common Units Representing Limited Partner Interests,$24.80,0.14,0.568%,10007952679.00,United States,2012,723842,Energy,Oilfield Services/Equipment
WFC,Wells Fargo & Company Common Stock,$48.73,0.99,2.074%,185251412819.00,United States,,23650845,Finance,Major Banks
WHR,Whirlpool Corporation Common Stock,$172.08,3.44,2.04%,10060226484.00,United States,,1327621,Consumer Durables,Consumer Electronics/Appliances
WIT,Wipro Limited Common Stock,$7.58,0.03,0.397%,41434690796.00,India,,1131801,Technology,EDP Services
WLK,Westlake Corporation Common Stock,$114.92,1.48,1.305%,14723321020.00,United States,2004,933848,Basic Industries,Major Chemicals
WM,Waste Management Inc. Common Stock,$165.15,1.37,0.836%,68563643612.00,United States,,1536064,Public Utilities,Environmental Services
WMB,Williams Companies Inc. (The) Common Stock,$34.42,0.77,2.288%,41899925989.00,United States,,7596728,Public Utilities,Natural Gas Distribution
WMT,Walmart Inc. Common Stock,$157.41,0.87,0.556%,433157631401.00,United States,,7760299,Consumer Services,Department/Specialty Retail Stores
WOLF,Wolfspeed Inc. Common Stock,$103.78,2.88,2.854%,12824622321.00,United States,,1784378,Technology,Semiconductors
WPC,W. P. Carey Inc. REIT,$82.69,1.03,1.261%,15835216780.00,United States,,845345,Consumer Services,Real Estate Investment Trusts
WPM,Wheaton Precious Metals Corp Common Shares (Canada),$49.70,0.76,1.553%,22420113324.00,Canada,,1812487,,
WPP,WPP plc American Depositary Shares,$64.08,-0.83,-1.279%,14296780825.00,Ireland,,232674,,
WRB,W.R. Berkley Corporation Common Stock,$67.70,0.43,0.639%,17953117317.00,United States,,1245011,Finance,Property-Casualty Insurers
WRK,Westrock Company Common Stock,$47.18,0.88,1.901%,12418455015.00,,2015,1849746,,
WSM,Williams-Sonoma Inc. Common Stock (DE),$146.92,3.91,2.734%,10513429768.00,United States,,1184843,Consumer Services,Other Specialty Stores
WSO,Watsco Inc. Common Stock,$300.36,2.89,0.972%,11676268228.00,United States,,175322,Capital Goods,Wholesale Distributors
WST,West Pharmaceutical Services Inc. Common Stock,$413.58,-6.87,-1.634%,30721379579.00,United States,,232706,Health Care,Medical/Dental Instruments
WTRG,Essential Utilities Inc. Common Stock,$51.47,-0.86,-1.643%,13022614676.00,United States,,702481,Public Utilities,Water Supply
WY,Weyerhaeuser Company Common Stock,$38.68,0.78,2.058%,28897720315.00,United States,,2716233,Consumer Services,Real Estate Investment Trusts
XOM,Exxon Mobil Corporation Common Stock,$86.84,1.79,2.105%,367645166534.00,United States,,24862725,Energy,Oil & Gas Production
XPEV,XPeng Inc. American depositary shares each representing two Class A ordinary shares,$27.19,-0.96,-3.41%,23307083897.00,China,2020,6544943,Capital Goods,Auto Manufacturing
XYL,Xylem Inc. Common Stock New,$86.67,-0.05,-0.058%,15608631189.00,United States,2011,1363508,Capital Goods,Fluid Controls
Y,Alleghany Corporation Common Stock,$848.00,-4.92,-0.577%,11409555920.00,United States,,179307,Finance,Property-Casualty Insurers
YUM,Yum! Brands Inc.,$119.17,-1.23,-1.022%,34437863625.00,United States,,1743207,Consumer Services,Restaurants
YUMC,Yum China Holdings Inc. Common Stock,$41.72,-0.05,-0.12%,17755606414.00,United States,2016,1449690,Consumer Services,Restaurants
ZBH,Zimmer Biomet Holdings Inc. Common Stock,$129.62,-0.29,-0.223%,27132318677.00,United States,,1107576,Health Care,Industrial Specialties
ZEN,Zendesk Inc. Common Stock,$122.50,-0.75,-0.609%,14928844945.00,,2014,1129754,Technology,EDP Services
ZTO,ZTO Express (Cayman) Inc. American Depositary Shares each representing one Class A ordinary share.,$25.66,0.24,0.944%,20744783096.00,China,2016,3737468,Transportation,Advertising
ZTS,Zoetis Inc. Class A Common Stock,$200.09,2.16,1.091%,94436593352.00,United States,2013,2455546,Health Care,Biotechnology: Pharmaceutical Preparations
